{
  "train_metrics": {
    "train_total_loss": [
      -252622.2591245631,
      -57446639.818,
      -1486131842.816,
      -17410401959.936,
      -89724237774.848,
      -277321722298.368,
      -564808894906.368,
      -910322493030.4,
      -1251063464460.288,
      -1649364133478.4
    ],
    "train_mac": [
      -0.8994800862073898,
      -0.9210801968574523,
      -0.9204002838134766,
      -0.919884428024292,
      -0.9208968760967254,
      -0.9230203280448913,
      -0.9219498310089111,
      -0.9208212428092957,
      -0.9196322948932648,
      -0.9210379784107208
    ],
    "train_align": [
      1.9066253237724304,
      1.8292191514968872,
      1.822632128238678,
      1.8200697083473205,
      1.8279846291542052,
      1.8099298009872435,
      1.8340814809799195,
      1.833669801712036,
      1.8385836009979248,
      1.8429874954223633
    ],
    "train_ci": [
      -192092.3500870233,
      -49390303.0975,
      -1421864289.536,
      -16511949553.664,
      -117147243642.88,
      -528014498136.064,
      -1647490413101.056,
      -3919057583603.712,
      -7759502988279.808,
      -13112492142100.48
    ]
  },
  "val_metrics": {
    "val_total_loss": [
      -1148742.107421875,
      -183757549.75,
      -3797027720.0,
      -37290441280.0,
      -225418177536.0,
      -950184005632.0,
      -2556490887168.0,
      -5544601354240.0,
      -10356434223104.0,
      -16886226157568.0
    ],
    "val_mac": [
      0.9303046966412744,
      0.9303124012972761,
      0.9306755575998448,
      0.9310763279901062,
      0.930797054654837,
      0.9284803092007532,
      0.9303634740885417,
      0.9299010735580178,
      0.929826316774913,
      0.9304808806504927
    ],
    "val_align": [
      1.5759131088852882,
      1.5878866352140903,
      1.5842618010938168,
      1.574471639469266,
      1.546123357489705,
      1.5905344039201736,
      1.581061391159892,
      1.5615782737731934,
      1.5908402726054192,
      1.6015023402869701
    ],
    "val_ci": [
      -1148742.78125,
      -183757549.75,
      -3797027720.0,
      -37290441280.0,
      -225418177536.0,
      -950184005632.0,
      -2556490887168.0,
      -5544601354240.0,
      -10356434223104.0,
      -16886226157568.0
    ],
    "val_cip": [
      1.0,
      1.0,
      1.0,
      1.0,
      1.0,
      1.0,
      1.0,
      1.0,
      1.0,
      1.0
    ],
    "val_csi": [
      0,
      1.1483400913680322e-07,
      3.578081268782637e-07,
      1.5228998381694945e-07,
      1.927545089469552e-07,
      1.9088488216317227e-07,
      0,
      4.79786077653317e-07,
      5.697937304467886e-08,
      1.070279059674243e-07
    ],
    "val_mbri": [
      0.0,
      0.0,
      0.0,
      0.0,
      0.0,
      0.0,
      0.0,
      0.0,
      0.0,
      0.0
    ]
  },
  "best_metric": -16886226157568.0,
  "total_steps": 2500,
  "total_epochs": 10
}